{
  "n_estimators": 442,
  "max_depth": 4,
  "learning_rate": 0.13751558901971428,
  "subsample": 0.9232968641531184,
  "colsample_bytree": 0.9808275668061854,
  "min_child_weight": 1.3441252121649385,
  "gamma": 0.28630772325018444,
  "reg_lambda": 0.11737158433341889,
  "reg_alpha": 0.0003823842612265566,
  "objective": "reg:squarederror",
  "tree_method": "hist",
  "n_jobs": -1,
  "random_state": 42
}