{
  "n_estimators": 225,
  "max_depth": 10,
  "learning_rate": 0.049336992034604274,
  "subsample": 0.801140973200172,
  "colsample_bytree": 0.6209313885729993,
  "min_child_weight": 6.3309947867956815,
  "gamma": 0.3084269562573565,
  "reg_lambda": 0.0008031645697413089,
  "reg_alpha": 0.007009686998815926,
  "objective": "reg:squarederror",
  "tree_method": "hist",
  "n_jobs": -1,
  "random_state": 42
}