{
  "n_estimators": 237,
  "max_depth": 2,
  "learning_rate": 0.017973183313631895,
  "subsample": 0.6229167538493073,
  "colsample_bytree": 0.6990488913942217,
  "min_child_weight": 2.659264640704133,
  "reg_lambda": 0.0003398443208119151,
  "reg_alpha": 0.017547220609437846,
  "objective": "reg:squarederror",
  "n_jobs": -1,
  "random_state": 42
}