{
  "n_estimators": 278,
  "max_depth": 9,
  "learning_rate": 0.03919436092996438,
  "subsample": 0.6728529042074288,
  "colsample_bytree": 0.8937840703508301,
  "min_child_weight": 3.92571071831719,
  "gamma": 0.6308558294124001,
  "reg_lambda": 0.00010932372015095955,
  "reg_alpha": 0.0007934366767262603,
  "objective": "reg:squarederror",
  "tree_method": "hist",
  "n_jobs": -1,
  "random_state": 42
}