{
  "n_estimators": 563,
  "max_depth": 7,
  "learning_rate": 0.03358559433266583,
  "subsample": 0.922916462691121,
  "colsample_bytree": 0.8767624890795571,
  "min_child_weight": 6.252616087260347,
  "gamma": 0.20404137677842696,
  "reg_lambda": 0.07010258278092021,
  "reg_alpha": 1.0950066623587464,
  "objective": "reg:squarederror",
  "tree_method": "hist",
  "n_jobs": -1,
  "random_state": 42
}