{
  "n_estimators": 749,
  "max_depth": 4,
  "learning_rate": 0.11549118602234469,
  "subsample": 0.6321954012411514,
  "colsample_bytree": 0.6521560085349771,
  "min_child_weight": 8.099604518387498,
  "gamma": 0.04509635389293082,
  "reg_lambda": 0.007233675873862608,
  "reg_alpha": 1.6736736274515955,
  "objective": "reg:squarederror",
  "tree_method": "hist",
  "n_jobs": -1,
  "random_state": 42
}